{"id":"AM","name":"Armenia","month":"2015-04","access_date":"2015-05-02","data":{"chrome":{"4":0.073384,"5":0.073384,"6":0.018346,"7":0.027519,"8":0.045865,"9":0.027519,"10":0.09173,"11":0.055038,"12":0.192633,"13":0.036692,"14":0.027519,"15":0.09173,"16":0.128422,"17":0.146768,"18":0.119249,"19":0.018346,"20":0.009173,"21":0.009173,"22":0.09173,"23":0.027519,"24":0.220152,"25":0.045865,"26":0.110076,"27":0.220152,"28":0.412785,"29":0.045865,"30":0.082557,"31":0.055038,"32":0.027519,"33":0.137595,"34":0.09173,"35":0.155941,"36":0.82557,"37":0.513688,"38":0.330228,"39":0.770532,"40":0.724667,"41":28.546376,"42":23.611302,"43":1.220009,"44":1.109933,"45":0},"firefox":{"2":0,"3":0.018346,"4":0.009173,"5":0,"6":0.009173,"7":0,"8":0.009173,"9":0.018346,"10":0.009173,"11":0.009173,"12":0.064211,"13":0.009173,"14":0.018346,"15":0.018346,"16":0.018346,"17":0.009173,"18":0.009173,"19":0.009173,"20":0.045865,"21":0.009173,"22":0.009173,"23":0.009173,"24":0.009173,"25":0.009173,"26":0.045865,"27":0.009173,"28":0.036692,"29":0.018346,"30":0.045865,"31":0.27519,"32":0.165114,"33":0.045865,"34":0.064211,"35":0.137595,"36":1.586929,"37":11.356174,"38":0.064211,"39":0.018346,"40":0.009173,"3.5":0.009173,"3.6":0.073384},"opera":{"9":0,"11":0.009173,"12":0.036692,"15":0.018346,"16":0.027519,"17":0.009173,"18":0.064211,"19":0.018346,"20":0.027519,"21":0.018346,"22":0.009173,"23":0,"24":0.018346,"25":0.009173,"26":0.018346,"27":0.009173,"28":2.229039,"29":0.18346,"9.5-9.6":0,"10.0-10.1":0,"10.5":0,"10.6":0,"11.1":0,"11.5":0.009173,"11.6":0.018346,"12.1":0.504515},"safari":{"4":0.009173,"5":0.036692,"6":0.018346,"7":0.220152,"8":0.504515,"3.1":0,"3.2":0,"5.1":0.192633,"6.1":0.018346,"7.1":0.073384},"android":{"3":0,"4":0.0808871698828,"40":null,"2.1":0,"2.2":0,"2.3":0.0423334720882,"4.1":0.304901793016,"4.2-4.3":0.557138730875,"4.4":0.83331423926,"4.4.3-4.4.4":0.375205594877},"ios_saf":{"8":0.103387674636,"3.2":0,"4.0-4.1":0,"4.2-4.3":0,"5.0-5.1":0.015568028227,"6.0-6.1":0.039518840884,"7.0-7.1":0.591984252838,"8.1-8.3":3.22338020342},"op_mob":{"0":0.00524247226624,"10":0,"11":0,"12":0.000262123613312,"11.1":0,"11.5":0,"12.1":0.00104849445325},"ie":{"0":null,"6":0.0185200607211,"7":0.0740802428843,"8":1.73162567742,"9":0.574121882353,"10":0.444481457306,"11":2.02794664896,"5.5":0},"ie_mob":{"10":0.0520743225806,"11":0.149713677419},"bb":{"7":0.00827,"10":null},"and_uc":{"0":0.339897},"op_mini":{"5.0-8.0":0.820446909667},"and_chr":{"0":3.904576},"and_ff":{"0":0.029772}},"total":95.5218619696}